Player,Image URL
Escalera,https://cdn.jsdelivr.net/gh/Bokpau/mlbb-tool@main/playerimage/Escalera_FRONT.png
JamesPangks.,https://cdn.jsdelivr.net/gh/Bokpau/mlbb-tool@main/playerimage/JamesPangks_FRONT.png
Shizou,https://cdn.jsdelivr.net/gh/Bokpau/mlbb-tool@main/playerimage/shizou_FRONT.png
LanceCy,https://cdn.jsdelivr.net/gh/Bokpau/mlbb-tool@main/playerimage/LanceCy_FRONT.png
JMPINKMAN,https://cdn.jsdelivr.net/gh/Bokpau/mlbb-tool@main/playerimage/JMPINKMAN_FRONT.png
Allen,https://cdn.jsdelivr.net/gh/Bokpau/mlbb-tool@main/playerimage/Allen_FRONT.png
Bitoy,https://cdn.jsdelivr.net/gh/Bokpau/mlbb-tool@main/playerimage/Bitoy_FRONT.png
Yobabz,https://cdn.jsdelivr.net/gh/Bokpau/mlbb-tool@main/playerimage/Yobabz_FRONT.png
Owgwen,https://cdn.jsdelivr.net/gh/Bokpau/mlbb-tool@main/playerimage/Owgwen_FRONT.png
Kyle,https://cdn.jsdelivr.net/gh/Bokpau/mlbb-tool@main/playerimage/Kyle_FRONT.png
SuperMarco,https://cdn.jsdelivr.net/gh/Bokpau/mlbb-tool@main/playerimage/SuperMarco_FRONT.png
Flap,https://cdn.jsdelivr.net/gh/Bokpau/mlbb-tool@main/playerimage/Flap_FRONT.png
Hadji,https://cdn.jsdelivr.net/gh/Bokpau/mlbb-tool@main/playerimage/Hadji_FRONT.png
Ferdz,https://cdn.jsdelivr.net/gh/Bokpau/mlbb-tool@main/playerimage/Ferdz_FRONT.png
Ducky,https://cdn.jsdelivr.net/gh/Bokpau/mlbb-tool@main/playerimage/Ducky_FRONT.png
Moody,https://cdn.jsdelivr.net/gh/Bokpau/mlbb-tool@main/playerimage/Moody_FRONT.png
VR3N,https://cdn.jsdelivr.net/gh/Bokpau/mlbb-tool@main/playerimage/VR3N_FRONT.png
Minguin,https://cdn.jsdelivr.net/gh/Bokpau/mlbb-tool@main/playerimage/Minguin_FRONT.png
Perkz,https://cdn.jsdelivr.net/gh/Bokpau/mlbb-tool@main/playerimage/Perkz_FRONT.png
Louis,https://cdn.jsdelivr.net/gh/Bokpau/mlbb-tool@main/playerimage/Louis_FRONT.png
Raizen,https://cdn.jsdelivr.net/gh/Bokpau/mlbb-tool@main/playerimage/Raizen_FRONT.png
Cull,https://cdn.jsdelivr.net/gh/Bokpau/mlbb-tool@main/playerimage/Cull_FRONT.png
Peuder,https://cdn.jsdelivr.net/gh/Bokpau/mlbb-tool@main/playerimage/Peuder_FRONT.png
Wurah,https://cdn.jsdelivr.net/gh/Bokpau/mlbb-tool@main/playerimage/Wurah_FRONT.png
Lembot,https://cdn.jsdelivr.net/gh/Bokpau/mlbb-tool@main/playerimage/Lembot_FRONT.png
SuperFrince,https://cdn.jsdelivr.net/gh/Bokpau/mlbb-tool@main/playerimage/SuperFrince_FRONT.png
K1NGKONG,https://cdn.jsdelivr.net/gh/Bokpau/mlbb-tool@main/playerimage/K1NGKONG_FRONT.png
SUPERYOSHI,https://cdn.jsdelivr.net/gh/Bokpau/mlbb-tool@main/playerimage/SUPERYOSHI_FRONT.png
Savero,https://cdn.jsdelivr.net/gh/Bokpau/mlbb-tool@main/playerimage/Savero_FRONT.png
Kirk,https://cdn.jsdelivr.net/gh/Bokpau/mlbb-tool@main/playerimage/Kirk_FRONT.png
Dann,https://cdn.jsdelivr.net/gh/Bokpau/mlbb-tool@main/playerimage/Dann_FRONT.png
Brusko,https://cdn.jsdelivr.net/gh/Bokpau/mlbb-tool@main/playerimage/Brusko_FRONT.png
PHEWW,https://cdn.jsdelivr.net/gh/Bokpau/mlbb-tool@main/playerimage/PHEWW_FRONT.png
HAZE,https://cdn.jsdelivr.net/gh/Bokpau/mlbb-tool@main/playerimage/Haze_FRONT.png
XY,https://cdn.jsdelivr.net/gh/Bokpau/mlbb-tool@main/playerimage/XY_FRONT.png
Light,https://cdn.jsdelivr.net/gh/Bokpau/mlbb-tool@main/playerimage/Light_FRONT.png
Koyl,https://cdn.jsdelivr.net/gh/Bokpau/mlbb-tool@main/playerimage/Koyl_FRONT.png
Nathzz,https://cdn.jsdelivr.net/gh/Bokpau/mlbb-tool@main/playerimage/Nathzz_FRONT.png
Yue,https://cdn.jsdelivr.net/gh/Bokpau/mlbb-tool@main/playerimage/Yue_FRONT.png
Domeng,https://cdn.jsdelivr.net/gh/Bokpau/mlbb-tool@main/playerimage/Domeng_FRONT.png
Yecs,https://cdn.jsdelivr.net/gh/Bokpau/mlbb-tool@main/playerimage/Yecs_FRONT.png
Master the Basics,https://cdn.jsdelivr.net/gh/Bokpau/mlbb-tool@main/playerimage/MasterTheBasics_FRONT.png
Dex Star,https://cdn.jsdelivr.net/gh/Bokpau/mlbb-tool@main/playerimage/Dexstar_FRONT.png
Sanford,https://cdn.jsdelivr.net/gh/Bokpau/mlbb-tool@main/playerimage/Sanford_FRONT.png
Jaypee,https://cdn.jsdelivr.net/gh/Bokpau/mlbb-tool@main/playerimage/Jaypee_FRONT.png
KarlTzy,https://cdn.jsdelivr.net/gh/Bokpau/mlbb-tool@main/playerimage/KarlTzy_FRONT.png
Sanji,https://cdn.jsdelivr.net/gh/Bokpau/mlbb-tool@main/playerimage/Sanji_FRONT.png
Teddy,https://cdn.jsdelivr.net/gh/Bokpau/mlbb-tool@main/playerimage/Teddy_FRONT.png
Daiki,https://cdn.jsdelivr.net/gh/Bokpau/mlbb-tool@main/playerimage/Daiki_FRONT.png
Aeon,https://cdn.jsdelivr.net/gh/Bokpau/mlbb-tool@main/playerimage/Aeon_FRONT.png
SN4P,https://cdn.jsdelivr.net/gh/Bokpau/mlbb-tool@main/playerimage/Sn4p_FRONT.png
Zehn,https://cdn.jsdelivr.net/gh/Bokpau/mlbb-tool@main/playerimage/Zehn_FRONT.png
Zaida,https://cdn.jsdelivr.net/gh/Bokpau/mlbb-tool@main/playerimage/Zaida_FRONT.png
Vin,https://cdn.jsdelivr.net/gh/Bokpau/mlbb-tool@main/playerimage/Vinnn_FRONT.png
Jowm,https://cdn.jsdelivr.net/gh/Bokpau/mlbb-tool@main/playerimage/Jowm_FRONT.png
Ryota,https://cdn.jsdelivr.net/gh/Bokpau/mlbb-tool@main/playerimage/Ryota_FRONT.png
Yeyeniya,https://cdn.jsdelivr.net/gh/Bokpau/mlbb-tool@main/playerimage/Yeyeniya_FRONT.png
E2MAX,https://cdn.jsdelivr.net/gh/Bokpau/mlbb-tool@main/playerimage/E2MAX_FRONT.png
Finding Hito,https://cdn.jsdelivr.net/gh/Bokpau/mlbb-tool@main/playerimage/FindingHito_FRONT.png
Tracyyy,https://cdn.jsdelivr.net/gh/Bokpau/mlbb-tool@main/playerimage/Tracyyy_FRONT.png
Sionnn,https://cdn.jsdelivr.net/gh/Bokpau/mlbb-tool@main/playerimage/Sionnn_FRONT.png
Lansu,https://cdn.jsdelivr.net/gh/Bokpau/mlbb-tool@main/playerimage/Lansu_FRONT.png
Sensu1,https://cdn.jsdelivr.net/gh/Bokpau/mlbb-tool@main/playerimage/Sensu1_FRONT.png
Bennyqt,https://cdn.jsdelivr.net/gh/Bokpau/mlbb-tool@main/playerimage/Bennyqt_FRONT.png
KURTT,https://cdn.jsdelivr.net/gh/Bokpau/mlbb-tool@main/playerimage/KURTT_FRONT.png
Lyrick,https://cdn.jsdelivr.net/gh/Bokpau/mlbb-tool@main/playerimage/Lyrick_FRONT.png
Coach Eson,https://cdn.jsdelivr.net/gh/Bokpau/mlbb-tool@main/playerimage/CoachEson_FRONT.png
